USIA,NAMA MAKANAN,PORSI,BAHAN,CARA MEMBUAT,ENERGI (kkl),PROTEIN (gr),LEMAK (gr)
6 - 8 bulan,Bubur Singkong Isi Ikan dan Ayam dengan Saus Jeruk,3,"Bahan
1. 75 gr singkong putih (direbus dan haluskan)
2. 15 gr (2 sdm datar) daging ikan kembung (dicincang halus)
3. 15 gr daging ayam cincang rebus 
4. 250 ml air kaldu ayam 
5. 5 gr (1 sdt) minyak kelapa 
6. 20 gr (2 sdm) bayam segar (dipotong halus)

Bumbu
1. 1 lembar daun salam
2. 1 batang sereh

Bumbu Halus
1. 1 siung bawang merah 
2. 1 siung bawang putih

Buah
1. 100 gr (3 buah kecil) jeruk manis diambil sarinya","1. Tumis bumbu halus, lalu masukkan daun salam dan sereh.
2. Tambahkan air kaldu, masukkan singkong putih, daging ikan, daging ayam cincang rebus, aduk-aduk hingga setengah matang.
3. Masukkan daun bayam, aduk hingga matang. Jika airnya mengental dapat ditambahkan air matang.
4. Angkat, lalu saring halus atau diblender. Sebelum disajikan tambahkan saus jeruk.",91,3.1,3.5
6 - 8 bulan,Bubur Soto Ayam Santan,3,"Bahan
1. 60 gr (6 sdm) Nasi putih 
2. 45 gr (4.5 sdm) Daging ayam (dicincang)
3. 30 gr (1 buah kecil) Tahu 
4. 30 gr (3 sdm) Labu siam 
5. 15 gr (1.5 sdm) wortel 
6. 1 lembar Salam 
7. 1 batang Sereh 
8. 1 lembar Daun jeruk 
9. 5 gr (1 sdm) Minyak goreng 
10. 30 ml (3 sdm) Santan 
11. 300 ml Air kaldu ayam

Bumbu Halus
1. 1 siung bawang merah 
2. 1 siung bawang putih 
3. 1 cm Kunyit 
4. 1 cm Jahe 

Buah
1. 100 gr (3 buah kecil) Jeruk (diambil sarinya)","1. Tumis bumbu halus sampai harum, masukan ayam cincang sampai berubah warna. 
2. Masukan air kaldu ayam, santan, salam, sereh dan daun jeruk masak sampai mendidih. 
3. Masukan nasi, tahu dan labu siam dan wortel yang sudah diiris kecil-kecil masak sampai semua bahan matang dan empuk. 
4. Haluskan sampai tekstur yang diinginkan. Sajikan selagi hangat",96,4.6,4.1
6 - 8 bulan,Bubur Sup Daging Kacang Merah,3,"Bahan
1. 50 gr (6 sdm) nasi 
2. 30 gr (3 sdm) daging ayam (dicincang)
3. 25 gr (1/2 butir) telur ayam 
4. 10 gr (1 sdm) buncis 
5. 10 gr (1 sdm) wortel 
6. 10 gr (1 sdm) kacang merah 
7. 10 gr (1 batang) bawang daun 
8. 1 batang seledri 
9. 300 ml kaldu ayam 
10. 2.5 gr (1/2 sdt) minyak untuk menumis.

Bumbu Halus
1. 2 siung bawang merah 
2. 2 siung bawang putih

Buah
1. 100 g (2 buah) jeruk diambil sarinya","1. Didihkan air kaldu ayam, masukkan kacang merah dan masak sampai empuk 
2. Tumis bumbu halus sampai harum, masukkan daging ayam cincang, masak sampai berubah warna 
3. Masukan tumisan daging ayam kedalam air kaldu masak sampai daging empuk 
4. Masukkan nasi, buncis, dan wortel. 
5. Tambahkan kocokan telur, aduk merata dan masak sampai matang 
6. Haluskan bubur sampai tekstur yang diinginkan, lalu sajikan",98,45.1,3.6
6 - 8 bulan,Bubur Kanju Rumbi Ayam dan Udang,3,"Bahan
1. 60 gr (6 sdm) Nasi putih 
2. 30 gr (3 sdm) daging ayam bagian dada 
3. 20 gr udang segar 
4. 15 gr wortel 
5. 15 gr jagung pipil 
6. 15 ml santan 
7. 350 ml kaldu ayam 
8. 2 lembar daun pandan

Bumbu Halus
1. 1 siung bawang merah 
2. 1 siung bawang putih 
3. 1/2 buah kapulaga 
4. 1 gr ketumbar 
5. 1 cm kayu manis 
6. 1 buah cengkeh 
7. 1/4 sdt merica 
8. 1/4 sdt jintan campur adas 
9. 1/4 buah pekak 
10. Seujung jari buah pala

Buah
1. 50 gr (6 potong kecil) Pepaya","1. Cuci terlebih dahulu daging ayam hingga bersih, kemudian rebus sampai setengah matang. setelah matang potong dadu daging ayam. Lalu cuci dan bersihkan udang, buang bagian kepala udang. Kemudian, rebus dalam air bekas rebusan ayam tadi, hingga udang berubah warna. Kemudian buang kulitnya, dan potong udang menjadi 2 atau 3 bagian. Sisihkan. 
2. Tumis bumbu halus, masukkan daun pandan. Aduk-aduk, kemudian tambahkan air kaldu, kemudian masak nasi, hingga nasi lembek dan menyerupai bubur. 
3. Tambahkan potongan ayam, udang, wortel dan jagung, masak sambil sesekali diaduk. Jika dirasa kurang air, tambahkan kembali airnya, aduk hingga rata. Kemudian matikan api, saring sesuai tekstur yang dinginkan. Sajikan.",87,5.1,2.9
6 - 8 bulan,Puding Kentang Ayam dan Telur,3,"Bahan
1. 100 gr kentang (dikukus dan dihaluskan)
2. 30 gr (3 sdm) daging ayam (dicincang)
3. 10 gr (1 butir) telur puyuh 
4. 15 gr (1 buah) tahu kecil (dipotong dadu kecil)
5. 15 gr (1.5 sdm) wortel (diparut)
6. 10 gr (1 sdm) labu kuning 
7. 15 ml santan 
8. 1 batang sereh 
9. 1 lembar daun salam 
10 1 sdm minyak 
11. 50 ml air kaldu ayam

Bumbu Halus
1. 2 siung bawang merah 
2. 2 siung bawang putih

Buah
1. 100 gr (2 buah) jeruk diambil sarinya","1. Tumis bumbu halus sampai harum tambahkan daun salam dan sereh.
2. Masukkan ayam cincang masak sampai berubah warna, lalu masukan kentang, labu kuning, tahu dan wortel aduk sampai merata. 
3. Tambahkan santan dan air kaldu aduk merata dan matikan. 
4. Kocok telur lepas, campurkan pada tumisan tadi. Siapkan wadah tahan panas dan olesi minyak, masukkan adonan dan kukus kurang lebih 20 menit. Sajikan, selagi hangat",95,4,3.6
6 - 8 bulan,Bubur Singkong Kukuruyuk Saus Jeruk,1,"1. 60 gr singkong putih, rebus dan haluskan 
2. 20 gr (2 sdm datar) daging ikan kembung (cincang halus)
3. 10 gr daging ayam 
4. 5 gr (1 sdt) minyak kelapa 
5. 100 cc (½ gelas belimbing) kaldu ayam
6. 10 gr (1 sdm) sari jeruk manis (perasan jeruk) 
7. 20 gr bayam segar (potong halus)","1. Bahan yang bisa digunakan tulang ayam/ceker ayam/kepala dan tulang ikan/potongan wortel, daun bawang, seledri, bawang Bombay/kulit udang 
2. Tambahkan air secukupnya, didihkan 
3. Setelah mendidih, api dikecilkan dan biarkan ± 1-2 jam.
4. Rebus air kaldu, masukkan singkong putih, daging ikan, daging ayam dan minyak kelapa, aduk-aduk hingga setengah matang. 
5. Masukkan daun bayam, aduk hingga matang.
6. Jika airnya mengental dapat ditambahkan air matang. Angkat, lalu saring halus atau diblender. Sebelum disajikan tambahkan saus jeruk.",187,7.9,7.8
6 - 8 bulan,Bubur Ikan Jagung,1,"1. 15 gr (1 ½ sdm) tepung jagung 
2. 10 gr (1 sdm) ikan (dihaluskan)
3. 5 gr (1 sdt) tempe (dihaluskan)
4. 25 gr pisang kepok (dipotong kecil)
5. 20 gr daun kangkung (diiris tipis)
6. 1 sdt minyak kelapa 
7. Air matang secukupnya","1. Ikan, tempe, pisang, rebus hingga matang. 
2. Sesaat akan matang, masukkan daun kangkung, angkat lalu saring 
3. Cairkan tepung jagung dengan sedikit air, lalu masak dengan air dan tambahkan minyak. 
4. Setelah matang dan kental, masukkan hasil saringan nomor 2, aduk hingga rata, siap dihidangkan.",190.6,7.5,6.8
9 - 11 bulan,Nasi Tim Ikan Tuna Telur Puyuh,3,"Bahan
1. 115 gr (12 sdm) nasi putih 
2. 30 gr (1 potong kecil) ikan tuna segar (haluskan)
3. 30 gr (3 butir) telur puyuh 
4. 15 gr (1 potong besar) wortel 
5. 10 gr (1 buah sedang) tomat 
6. 7.5 gr (1.5 sdt) minyak kelapa 
7. 75 cc (1/3 gelas belimbing) kaldu ayam 
8. 50 gr (1/2 potong) pepaya (dihaluskan)

Buah
1. 180 gr (1 potong besar) semangka","1. Masukkan nasi, ikan tuna, telur puyuh, minyak kelapa ke dalam mangkok tim 
2. Tambahkan air kaldu 
3. Masukkan wortel dan tomat, tim hingga matang 
4. Angkat, sajikan dengan saos papaya.",120,4.6,4.3
9 - 11 bulan,Nasi Tim Ayam Lele Cincang,3,"Bahan
1. 100 gr (10 sdm) nasi putih 
2. 30 gr (3 sdm) daging ayam (dicincang)
3. 10 gr (1 sdm) daging ikan lele 
4. 10 gr (1 sdm) wortel 
5. 5 ml (1 sdt) minyak goreng 
6. 10 ml (1 sdm) santan kental 
7. 1.5 sdm bawang bombay (diiris halus) 
8. 200 ml kaldu ayam

Buah
1. 180 gr (1 potong besar) semangka","1. Masukkan nasi, daging ayam cincang, ikan lele, bawang bombay, minyak dan santan ke dalam mangkok tim. 
2. Tambahkan air kaldu. 
3. Masukkan wortel, masak hingga lunak dan matang 
4. Angkat dan sajikan",125,4.5,4.9
9 - 11 bulan,Mie Kukus Telur Puyuh,3,"Bahan
1. 85 gr (3 bungkus) mie instan batita atau mie keriting 
2. 60 gr (6 butir) butir Telur puyuh 
3. 50 gr ( 5 sdm) wortel (diparut)
4. 50 gr (5 sdm) keju parut 
5. 10 gr (1 batang) bawang daun (diiris)
6. Minyak untuk menggoreng 
7. Bumbu mie instan batita secukupnya 
8. 300 ml Air

Buah
1. 150 gr (6 potong kecil) Pepaya","1. Didihkan air sebanyak 300 ml masukkan mie instan balita atau mie keriting sampai lunak dan matang.
2. Masak mie instan balita atau mie keriting hingga matang. 
3. Tambahkan wortel parut, bawang daun, keju parut , dan bumbu mie instan batita secukupnya, kembali aduk sampai merata 
4. Masukkan 1 sdm adonan mie ke dalam wadah tahan panas yg sudah diolesi minyak dan masukan telur puyuh yang sudah direbus. Lakukan sampai adonan habis 
5. Kukus selama 15 menit Setelah matang boleh langsung dikonsumsi atau digoreng sampai kuning keemasan. Hidangkan.",135,5.1,7.6
9 - 11 bulan,Nasi Tim Ikan Telur Sayuran,3,"Bahan
1. 100 gr (10 sdm) nasi putih 
2. 100 gr (10 sdm) nasi 
3. 30 gr (3 butir) telur puyuh (dikocok)
4. 30 gr (3 sdm) ikan kembung fillet 
5. 10 gr (1 sdm) sawi hijau (diiris)
6. 20 gr (2 sdm) tomat cincang 
7. 300 ml kaldu ayam 
8. 7.5 ml (1.5 sdt) minyak kelapa

Buah
1. 180 gr buah semangka","1. Masak kaldu, nasi, minyak kelapa, dan ikan kembung hingga lunak dan menjadi bubur 
2. Masukkan sawi hijau dan tomat. 
3. Masukkan telur puyuh yang sudah dikocok, aduk perlahan hingga rata dan matang. 
4. Angkat dan sajikan.",117,4.8,4.5
9 - 11 bulan,Tim Bubur Manado Daging dan Udang,3,"Bahan
1. 50 gr (5 sdm) nasi putih 
2. 40 gr (4 sdm) labu kuning (potong dadu)
3. 40 gr (4 sdm) daging sapi (dicincang)
4. 30 gr (3 ekor) udang (dikupas)
5. 20 gr (2 sdm) jagung pipil 
6. 10 gr (1 sdm) bayam 
7. 5 ml (1 sdt) minyak goreng 
8. Garam secukupnya 
9. 10 gr (1 batang) daun bawang (diiris)
10. 100 cc (1/3 gelas belimbing) kaldu daging

Bumbu Halus
1. 1 siung bawang merah
2. 1 siung bawang putih

Buah
1. 180 gr (1 potong) buah naga","1. Tumis bumbu halus sampai harum. 
2. Masukkan daging sapi dan udang, tumis hingga berubah warna, lalu tambahkan air kaldu, masak sampai mendidih. 
3. Masukkan nasi, labu kuning, jagung dan bayam 
4. Masukkan daun bawang yang sudah diiris, masak hingga menyusut jangan lupa tambahkan garam secukupnya dan koreksi rasa. Sajikan
",119,6.4,4.4
12 - 23 bulan,Nasi Sup Telur Puyuh Bola Tahu Ayam,3,"Bahan
1. 150 gr (15 sdm) nasi putih 
2. 45 gr (1 potong kecil ) tahu putih 
3. 60 gr (± 5 sdm) daging ayam (dicincang)
4. 60 gr (6 butir) telur puyuh (direbus)
5. 30 gr (3 sdm) wortel 
6. 30 gr (3 sdm) jagung pipil kuning 
7. 30 gr (3 sdm) brokoli 
8. Air secukupnya
9. 10 gr (1 batang) seledri (diiris)
10. 10 gr (1 batang) daun bawang (diiris)
11. 15 gr (± 1.5 sdm) tepung tapioka 
12. Garam secukupnya 
13. Gula Secukupnya 
14. Merica secukupnya 
15. 10 gr (1 sdm) bawang goreng

Buah
1. 135 gr (3 potong) Melon","1. Rebus air sampai mendidih. Sambil menunggu air campurkan tahu, daging ayam cincang, bumbu halus, garam, gula, dan merica, selanjutnya haluskan serta tambahkan tapioka kemudian uleni hingga tercampur rata dan bisa di bentuk 
2. Ambil adonan sebanyak satu sendok teh kemudian bentuk bulat dan langsung di masukkan pada air mendidih. 
3. Lakukan sampai adonan habis Setelah semua bola-bola tahu ayam mengapung masukan wortel dan jagung terlebih dulu tunggu sejenak kemudian brokoli dan telur puyuh rebus. 
4. Masukan garam, gula dan merica serta irisan bawang daun dan seledri. Setelah sayuran matang koreksi rasa. Sajikan dengan nasi dan taburan bawang goreng",260,10.4,10.7
12 - 23 bulan,Nasi Soto Ayam Kuah Kuning,3,"Bahan
1. 150 gr (15 sdm) nasi 
2. 100 gr (2 potong ayam dengan tulang) 
3. 10 gr (1 sdm) soun 
4. 60 gr (6 butir) telur puyuh 
5. 30 gr (3 sdm) toge 
6. 10 gr (1 sdm) minyak goreng

Bumbu
1. 1 lembar daun salam 
2. 1 batang serai (digeprek)
3. 1 lembar daun jeruk 
4. 1/2 cm lengkuas (digeprek)
5. 1500 air untuk merebus 
6. Garam dan gula secukupnya 
7. Merica secukupnya

Bumbu Halus
1. 1 butir kemiri 
2. 1 siung bawang merah 
3. 1 siung bawang putih 
4. 1/2 cm jahe 
5. 1/2 cm kunyit 
6. 1.4 sdt jinten 
7. 1/2 sdt ketumbar

Pelengkap
1. 1/2 sdt irisan daun bawang 
2. 1/2 sdt irisan seledri 
3. 1/3 sdt irisan bawang goreng","1. Rebus ayam hingga setengah matang, tambahkan serai geprek, daun salam, daun jeruk, dan lengkuas yg digeprek 
2. Tumis bumbu yang dihaluskan hingga harum dan matang, lalu masukkan ke dalam rebusan ayam. 
3. Tambahkan garam, gula dan merica. Masak hingga ayam matang dan empuk, (jangan lupa koreksi rasa) 
4. Daging ayam bisa diangkat dan di suir-suir 
5. Siapkan mangkuk berikan soun yang sudah direndam, toge, suiran daging ayam, serta telur puyuh rebus 
6. Tambahkan kuah soto ayam, serta taburkan daun bawang, seledri, dan bawang goreng 
7. Sajikan dengan nasi hangat dan lengkapi dengan buah.",263,9.5,10.9
12 - 23 bulan,Sup Telur Puyuh Ikan Air Tawar Labu Kuning,3,"Bahan
1. 150 gr (15 sdm) nasi putih 
2. 70 gr (7 sdm) kentang (dipotong dadu)
3. 50 gr (5 sdm) labu kuning (dipotong dadu)
4. 120 gr (12 sdm) ikan nila kukus (disuwir)
5. 60 gr (6 butir) telur puyuh (direbus)
6. 15 gr (3 sdt) kacang merah 
7. 45 gr (4.5 sdm) tomat (dipotong dadu)
8. 10 gr (1 batang) bawang daun 
9. 5 gr (1 sdt) bawang merah goreng 
10. 5 gr (1 sdt) bawang putih goreng 
11. 150 ml kaldu ayam 
12. Garam, gula, dan merica secukupnya

Buah
1. 150 gr (6 potong) pepaya","1. Rebus kaldu ayam hingga mendidih, masukkan kentang, kacang merah, dan labu kuning hingga setengah matang. 
2. Masukkan suwiran ikan nila kukus, bawang merah goreng dan bawang putih goreng masak hingga matang. 
3. Tambahkan tomat, bawang daun, bawang goreng, dan telur puyuh, aduk perlahan. 
4. Tambahkan garam, gula dan merica secukupnya dan aduk rata. Angkat dan sajikan dengan buah.",261,13.6,9.1
12 - 23 bulan,Nasi Ikan Kuah Kuning,3,"Bahan
1. 150 gr (15 sdm) nasi 
2. 360 gr (3 ekor) ikan kembung 
3. 75 gr (7.5 sdm) labu siam 
4. 75 gr (7.5 sdm) tempe 
5. 60 gr (1 buah besar) tomat besar 
6. 15 ml (1.5 sdm) minyak goreng

Bumbu
1. 2 lembar daun salam 
2. 1 batang sereh (digeprek)
3. 2 cm laos (digeprek)
4. Garam secukupnya 
5. Gula secukupnya 
6. 35 ml (3.5 sdm) santan 
7. 750 ml air 
8. 2 buah jeruk nipis

Bumbu Halus
1. 5 siung bawang merah 
2. 3 siung bawang putih 
3. 3 buah kemiri 
4. 2 cm jahe 
5. 2 cm kunyit

Buah
1. 270 gr semangka","1. Bersihkan ikan, lumuri dengan garam dan jeruk nipis atau cuka biarkan 10 menit kemudian bilas dengan air sampai bersih 
2. Lumuri kembali ikan kembung dengan garam dan jeruk nipis biarkan 5 menit 
3. Panaskan minyak, goreng ikan kembung sampai matang sisihkan 
4. Tumis bumbu halus tambahkan sereh, salam dan laos tunggu sampai air mendidih 
5. Masukkan potongan labu siam dan tempe masak sampai matang 
6. Tambahkan santan dan masukkan ikan goreng 
7. Tambahkan garam dan gula secukupnya, masukkan tomat dan koreksi rasa. Sajikan dengan nasi hangat.",267,28.5,10.7
12 - 23 bulan,Nugget Tempe Ayam Sayuran,3,"Bahan
1. 200 gr tempe di potong kotak kecil (dikukus)
2. 100 gr daging ayam cingcang (dihaluskan)
3. 100 gr (2 butir) telur ayam (dikocok)
4. 50 gr (5 sdm) wortel 
5. 50 gr (5 sdm) keju (diparut)
6. 10 gr (1 batang) bawang daun (diiris halus)
7. 10 gr (1 sdm) bawang goreng (dihaluskan)
8. 10 gr (1 sdm) bawang putih (dihaluskan)
9. 20 gr (2 sdm) tepung terigu 
10. 20 gr (2 sdm) tepung tapioka

Bahan Pelapis
1. 30 gr (3 sdm) tepung terigu 
2. 100 ml air atau secukupnya 
3. 100 gr (10 sdm) tepung panir 
4. Minyak untuk menggoreng secukupnya

Buah
1. 270 gr buah semangka","1. Campurkan tempe, daging ayam cincang, wortel, keju, bawang daun, tepung terigu, tapioka, telur, bawang goreng, dan bawang putih halus. Aduk sampai tercampur rata. Ambil loyang olesi minyak dulu kemudian masukkan adonan nugget dan ratakan. Kukus selama 30 menit atau sampai matang. Setelah dingin potong adonan sesuai ukuran yang diinginkan 
2. Cairkan terigu dengan air sampai menjadi larutan yang cukup kekentalannya. Celupkan nugget ke tepung terigu basah, gulirkan pada tepung panir 
3. Sebaiknya disimpan dulu di kulkas selama 30 menit Atau bisa langsung di goreng di minyak yang panas. Sajikan selagi hangat. Bisa juga di jadikan lauk",191,10.5,9
12 - 23 bulan,Tim Ikan Menado,1,"1. 60 gr jagung muda pipil (ditumbuk kasar)
2. 60 labu kuning (dipotong dadu)
3. 30 ikan segar (dicincang)
4. 10 gr (1 sdm) telur ayam 
5. 15 gr daun kangkung (diiris tipis)
6. 10 gr tomat (dibuang kulitnya)
7. 50 pisang ambon (diipotong tipi)
8. 5 gr (1 sdt) minyak kelapa 
9. 100 cc (1/3 gelas belimbing) kaldu ayam
","1. Letakkan jagung muda pipil, labu kuning, ikan segar, telur ayam pada mangkok tim 
2. Tambahkan air kaldu, tim hingga matang 
3. Masukkan pisang ambon, daun kangkung, tomat, minyak kelapa, tim hingga matang 
4. Angkat, siap dihidangkan",234.3,10.7,8.5
12 - 23 bulan,Nugget Sayuran,2,"1. 150 gr ubi jalar merah rebus (dihaluskan)
2. 50 gr (1 butir) telur ayam (dikocok)
3. 30 gr daging ayam 
4. 1 cangkir bayam (dicincang kasar)
5. 20 gr (2 sdm) wortel (diparut kasar)
6. 3 siung bawang putih (dicincang)
7. Garam secukupnya 
8. Minyak untuk menggoreng
","1. Campur bayam, wortel, ubi, telur, daging ayam, bawang putih dan garam hingga rata 
2. Ambil 1 sendok makan bahan. Bentuk bulat pipih menggunakan tangan. Lakukan langkah serupa pada sisa bahan.
3. Ambil 1 buah nugget, celupkan ke dalam kocokan telur. Masukkan pada wajan berisi minyak panas. Goreng nugget hingga berubah warna dan matang. Angkat dan tiriskan. 
5. Lakukan langkah serupa pada sisa bahan. Sajikan selagi hangat",270.5,10.6,15.7
24 - 59 bulan,Nasi Bakar Ayam Santan,3,"Bahan Nasi Gurih
1. 150 gr (15 sdm) beras putih 
2. 5 gr (1 sdt) bawang putih goreng 
3. 5 gr (1 sdt) bawang merah goreng 
4. 10 gr (1 sdm) margarin 
5. 1 lembar daun jeruk 
6. 1 lembar daun salam 
7. 1 batang sereh 
8. 1 lembar daun pandan 
9. Garam secukupnya

Bumbu Halus
1. 6 siung bawang merah 
2. 4 siung bawang putih 
3. 1 sdt ketumbar 
4. 4 buah kemiri 
5. 0.5 sdt jinten 
6. Garam secukupnya 
7. Merica secukupnya 
8. Gula secukupnya 
9. Kaldu jamur secukupnya 
10. 20 gr (2 sdm) minyak goreng

Bahan Campuran
1. 120 gr (12 sdm) filet dada ayam (dipotong kotak)
2. 60 gr (3 potong) tahu (dipotong kotak)
3. 60 gr (6 ekor) udang 
4. 30 gr (3 sdm) daun bayam 
5. 30 gr (3 sdm) wortel 
6. 50 ml (5 adm) santan kental 
7. 1 lembar daun salam 
8. 1 batang sereh 
9. 2 lembar daun jeruk 
10. 1 cm Jahe

Buah
1. 300 gr buah pepaya
","Cara Membuat Nasi Gurih 
1. Cuci bersih beras putih. 
2. Masukkan beras, bawang putih goreng, bawang merah goreng, daun salam, sereh, daun jeruk, pandan, margarin dan garam secukupnya. 
3. Tambahkan air secukupnya, aduk merata, masak hingga matang.

Cara Membuat Isian Ayam Santan
1. Panaskan minyak goreng, tumis bumbu hingga harum, masukkan salam, daun jeruk, sereh dan jahe. 
2. Masukkan ayam, udang masak hingga ayam setengah matang 
3. Tambahkan santan dan air secukupnya masak hingga mendidih 
4. Masukkan tahu, wortel dan bayam sampai santan menyusut. Sisihkan untuk isi nasi bakar

Cara Membuat Nasi Bakar
1. Siapkan daun pisang, tata nasi gurih, masukkan ayam masak santan 
2. Bungkus dengan rapi kemudian kukus selama 10 menit 
3. Untuk mendapatkan cita rasa bakar, sebelum dikonsumsi bisa dipanggang selama 10 menit. Angkat sajikan selagi hangat 
4. Untuk menyempurnakan kebutuhan gizi jangan lupa sajikan dengan buah dan air putih.",421,18.2,18.2
24 - 59 bulan,Nasi Sup Tabas Udang Sayur,3,"Bahan 
1. 300 gr (3 centong) Nasi putih 
2. 150 gr (15 sdm) Ikan tenggiri cincang 
3. 1 butir putih telur 
4. 20 gr (2 sdm) tepung tapioka 
5. 90 gr (9 sdm) Tahu 
6. 10 gr (1 batang) bawang daun, iris halus 
7. 5 gr (1 sdt) bawang merah goreng •
8. 5 gr (1 sdt) bawang putih goreng 
9. 5 gr (1 sdt) saos tiram 
10. 10 gr (1 sdm) minyak wijen 
11. 5 gr (1 sdt) garam •
12. 2.5 gr (0.5 sdt) merica 
13. Garam, gula, merica secukupnya

Bumbu Halus
1. 2 siung Bawang merah 
2. 1 siung Bawang putih 
3. 10 gr (1 sdm) minyak untuk menumis

Kuah 
1. 90 gr (9 sdm) Udang rebus, sisihkan kaldunya 
2. 500 ml Air kaldu udang 
3. 60 gr (6 sdm) Pokcoy 
4. 60 gr (6 sdm) soun, direndam 
5. 60 gr (6 sdm) wortel, potong bulat 
6. 5 gr (1 sdt) kecap ikan 
7. 5 gr (1 sdt) saos tiram •
8. Garam dan gula secukupnya 
9. 10 gr (1 batang) daun bawang, iris halus 
10. 10 (1 batang) seledri, iris halus 
11. 1 sdm bawang goreng 
12. 1 cm jahe

Buah 
1. 540 gr Semangka","1. Campurkan ikan tenggiri cincang, tapioka, bawang daun, bawang merah goreng halus, bawang putih goreng, saos tiram, garam, merica, gula dan putih telur sampai merata dan bisa sampai adonan bisa di bentuk. •
2. Ambil tahu yg sudah dilubangi bagian tengahnya, kemudian isi dengan 1 sendok makan adonan ikan. Lakukan sampai selesai 
3. Kukus baso tahu selama 15 sampai 20 menit 
4. Tumis bumbu halus sampai harum tambahkan air kaldu ayam atau udang, masak sampai mendidih. 
5. Masukkan udang dan wortel, tambahkan kecap ikan, saos tiram, garam, merica dan gula secukupnya. Koreksi rasa sebelum api dimatikan 
6. Masukkan 2 tahu baso pakcoy dan soun masukan kedalam alat saji mangkok siram dengan air kuah udang dan wortel, tambahkan dengan bawang goreng, seledri dan bawang daun 
7. Sajikan dengan nasi hangat dan lengkapi dengan buah",537,23.4,18.9
24 - 59 bulan,Nasi Masak Ayam Kecap Sayur,3,"Bahan
1. 300 gr (3 centong) Nasi putih 
2. 120 gr (12 sdm) dada ayam filet (diiris tipis)
3. 60 gr (6 butir) telur puyuh rebus 
4. 150 gr (2 buah besar) tahu putih (dipotong dadu)
5. 100 gr (10 sdm) pakcoy (dipotong 3 cm)
6. 40 gr (4 sdm) kecap manis 
7. 50 ml (5 sdm) air 
8. 20 gr (2 sdm) minyak 
9. 1 siung bawang putih (dicincang halus)
10. 1/4 bawang bombay (diiris)
11. batang daun bawang (dipotong-potong) 
12. Garam, gula, dan merica secukupnya

Buah
1. 300 gr (3 buah) Jeruk","1. Masukkan minyak ke dalam wajan. Tumis bawang putih hingga harum. 
2. Masukkan bawang bombay, aduk rata Masukkan ayam, masak hingga berubah warna. 
3. Tambahkan tahu, telur puyuh rebus dan pakcoy, kecap manis, gula, garam, merica dan air. Aduk rata hingga matang. 
4. Masukkan daun bawang, aduk rata. 
5. Angkat dan sajikan",424,22.9,18.1
24 - 59 bulan,Bola-bola Nasi Rabuk Ikan,3,"Bahan 
1. 150 gr beras, masak hingga menjadi nasi 
2. 40 gr (4 sdm) minyak sayur
3. 18 gr (2 sdm) buncis (diiris)
4. 10 gr (1 sdm) wortel (dicincang)
5. 45 gr (4.5 sdm) jagung pipil (dicincang kasar) 
6. 50 gr (5 sdm) tepung terigu 
7. 30 gr (1/2 butir) telur ayam 
8. 50 gr (5 sdm) rabuk ikan 
9. 10 gr (2 sdm) bawang bombay (diiris)
10. 5 gr (1 sdt) bawang putih goreng 
11. 5 gr (1 sdt) bawang merah goreng 
12. Daun bawang lada, garam, dan kaldu jamur secukupnya

Bahan Pelapis 
1. 50 gr (1 butir) telur ayam
2. Tepung roti/panir secukupnya 

Buah 
1. 300 gr buah Naga","1. Tumis bawang dengan minyak hingga layu, kemudian masukkan sayuran (wortel, buncis dan jagung). Masak hingga setengah matang, lalu angkat. 
2. Tambahkan nasi, terigu, telur, bawang putih goreng, bawang merah goreng, daun bawang, lada, garam, dan kaldu bubuk secukupnya, aduk hingga rata dan kalis. 
3. Ambil sedikit nasi, pipihkan di tangan. Isi dengan rabuk ikan lalu bentuk bulat. 
4. Lumuri dengan terigu, celupkan ke telur kocok dan gulingkan ke tepung roti/panir. 
5. Diamkan minimal 1 jam atau simpan dalam lemari es. Panaskan minyak lalu goreng hingga berwarna kecoklatan",468,14.4,17.4
24 - 59 bulan,"Nasi Ayam Katsu, Tumis Sayuran, Nano-nano + Melon",3,"Ayam Katsu
1. 225 gr Nasi Putih 
2. 75 gr Ayam Fillet 
3. 10 sdm tepung terigu 
4. 10 gr tepung jagung 
5. 50 gr tepung roti 
6. 1/2 butir telur ayam 
7. Garam dan merica secukupnya 
8. Air secukupnya

Tumis Sayuran 
1. 30 gr wortel 
2. 30 gr buncis 
3. 30 gr jagung pipil kuning 
4. 30 gr bawang bombay 
5. 30 gr bawang putih 
6. Garam dan gula secukupnya 

Buah
3 potong buah melon","Ayam Katsu
1. Potong tipis fillet ayam menjadi 3 bagian 
2. Pipihkan dan lumuri dengan garam dan merica, lalu diamkan sekitar 15 menit
3. Campurkan tepung terigu, tepung jagung, telur, garam, dan merica kemudain tambahkan sedikit air
4.Gulingkan potongan ayam kedalam larutan tepung tadi, kemudian gulingkan kedalam tepung roti. Lakukan sampai ayam habis
5.Sebaiknya disimpan dulu dalam lemari es atau bisa langsung digoreng dalam minyak yang cukup sampai kuning keemasan.Sisihkan 

Tumisan Sayuran
1. Tumis irisan bawang bombay dan bawang putih yang sudah di geprek sampai harum 
2. Tambahkan air sedikit, masukkan wortel yang sudah diiris dan jagung pipilnya, tunggu sampai setengah matang, lalu masukakan buncis
3. Tambahkan garam, dan gula secukupnya
4. Aduk rata sampai semua sayuran matang, jangan lupa koreksi rasa
5. Sajikan sayuran ini bersama ayam katsu dan nasi hangat dan buah",403.3,12,17.7
24 - 59 bulan,"Nasi Bakar, Ikan Tongkol + Pepaya",2,"Bahan
1. 330 gr Nasi Putih 
2. 90 gr Ikan Tongkol (dikukus)
3. 15 gr Bayam 
4. 45 gr Tahu (dihancurkan) 
5. 70 ml Santan 
6. 1/2 cm jahe (digeprek) 
7. 1/2 cm lengkuas (digeprek) 
8. 3 batang serai 
9. 3 lembar daun salam 
10. 1 ikat daun kemangi 
11. Garam dan gula secukupnya
12. Daun pisang untuk membungkus 
13. Minyak untuk menumis

Bumbu Halus 
1. 2 siung bawang merah 
2. 2 siung bawang putih 
3. 2 butir kemiri ","1. Tumis bumbu halus, masukan salam, serai, lengkuas dan aduk hingga harum dan matang
2. Masukkan ikan tongkol kukus suir, santan, dan aduk hingga tercampur rata
3. Masukkan, irisan daun bayam, gula dan garam secukupnya, masak hingga matang dan koreksi rasa 
4. Bagi nasi menjadi 3 bagian. Bungkus dengan daun pisang, tambahkan tumisan ikan tongkol ditengahnya dan kemangi
5. Bakar bungkusan nasi tersebut sampai daun pisang mengering (bisa juga di kukus)
6. Sajikan selagi hangat.",270.5,10.6,15.7
24 - 59 bulan,Pepes Tahu,2,"1. 300 gr tahu putih (dihaluskan)
2. 100 gr wortel (diparut)
3. 2 siung bawang putih (diiris)
4. 3 siung bawang merah (diiris)
5. 10 gr daging ayam 
6. 50 gr (1 butir) telur ayam 
7. 15 gr kerupuk aci 
8. 10 gr daun bawang 
9. 5 gr margarin 
10. 15 gr (1 sdm) tepung tapioka 
11. Beberapa helai daun pisang yang sudah dibersihkan","1. Tumis bawang hingga harum 
2. Masukkan daging ayam dan masak hingga berubah warna. Sisihkan. 
3. Campurkan potongan tahu putih yang telah dihaluskan, wortel yang telah di parut, kerupuk aci yang telah direndam dan kocokan telur. Aduk hingga merata. 
4. Siapkan daun pisang, ambil 2 sendok makan campuran tahu dan wortel, bungkus 
5. Kukus hingga matang. Sajikan.",304.7,17.9,17
24 - 59 bulan,Omelet Mie Ceria,2,"1. 50 gr daging ayam (digiling)
2. 100 gr (2 butir) telur ayam 
3. 40 gr sawi hijau (diiris tipis)
4. 50 gr tauge 
5. 10 gr (1 btg) daun bawang (diiris tipis)
6. 7,5 mL (1 ½ sdt) kecap asin 
7. 3 gr (½ sdt) merica 
8. 50 gr wortel 
9. 20 mL (2 sdm) minyak 
10.40 gr Mie kering","1. Di dalam mangkung aduk rata semua bahan (kecuali minyak). 
2. Panaskan minyak di dalam wajan anti lengket di atas api sedang 
3. Masak telur dalam 2 bagian. masak hingga matang di kedua sisinya. Angkat dan potong sesuai selera. Sajikan selagi hangat.",335.9,15.9,21.7
24 - 59 bulan,Roti Goreng isi Ragout Ayam Sayuran,5,"Bahan
1. 1 sdt garam 
2. 1/2 sdm seledri (dicincang halus)
3. 300 ml susu cair 
4. 10 buah roti tawar (dipotong menjadi 4 bentuk segitiga)

Bahan Isian
1. 1/2 buah bawang bombay (dicincang halus)
2. 1 sdt gula pasir 
3. 7.5 gr margarin 
4. 160 gr daging ayam (direbus)
5. 60 gr wortel (dicincang)
6. 30 gr buncis (dipotong kecil-kecil)
7. 3 sdm tepung terigu 
8. 1 butir telur ayam 
9. Tepung panir secukupnya
","1. Tumis bawang bombay sampai harum, tambahkan tepung terigu, aduk sampai bergumpal 
2. Masukkan susu cair sedikit demi sedikit sambil diaduk, lalu tambahkan wortel, ayam, garam, gula, seledri, aduk sampai rata dan mengental. Ragout ayam dan sayur sudah jadi. 
3. Olesi roti tawar dengan susu cair sampai agak basah kedua sisinya 
4. Letakkan isian rogout ayam dan sayur di aras satu roti tawar, lalu tutup dengan roti tawar lain (seperti sanwich atau gabin), sambil ditekantekan supaya menempel. 
5. Celupkan semua sisi roti dalam kocokan telur dan glingkan ke tepung panir 
6. Goreng sampai kuning kecoklatan. Angkat dan tiriskan 
7. Roti goreng isi rogout ayam dan sayur siap disajikan",319.2,16.8,12
24 - 59 bulan,Stick Ikan dan Sayur Renyah,2,"1. 100 g fillet ikan segar 
2. 40 g (4 sdm) wortel 
3. 25 g kangkung 
4. 1 butir telur ayam 
5. 50 g (5 sdm) tepung bumbu sebaguna 
6. Air es secukupnya 
7. Minyak untuk menggoreng
","1. Campur wortel dan kangkung yang sudah dicincang halus dengan tepung dan 1 butir telur. Tambahkan air es sedikit demi demi sedikit sampai adonan mengental 
2. Masukkan fillet ikan ke dalam adonan, lalu goreng hingga matang 
3. Siap disajikan",315.2,15.3,19.2
24 - 59 bulan,Ikan Bakar Balita,4,"1. 200 gr dada ayam filet (diiris tipis)
2. 100 gr pakcoy (dipotong)
3. 3 cm 1 siung bawang putih (dicincang halus)
4. 1/4 bawang Bombay (diiris)
5. 1 batang daun bawang (dipotong 3 cm)
6. 40 gr kecap manis 
7. 50 ml air 
8. 2 sdm minyak
","1. Panaskan minyak di dalam wajan. Tumis bawang putih hingga harum. 
2. Masukkan bawang bombay, aduk rata. Masukkan ayam, masak hingga berubah warna. 
3. Tambahkan pakcoy, kecap manis dan air. Aduk rata hingga ayam matang. 
4. Masukkan daun bawang, aduk rata. 
5. Angkat dan sajikan",140.6,19.7,5.6